,ANT Precision,SYN Precision,ANT Recall,SYN Recall,ANT F1,SYN F1
Noun Pairs,0.9803921568627451,0.8728323699421965,0.872093023255814,0.9805194805194806,0.923076923076923,0.9235474006116208
Verb Pairs,0.9761904761904762,0.8764705882352941,0.8864864864864865,0.9738562091503268,0.9291784702549576,0.9226006191950463
Adjective Pairs,0.9753521126760564,0.9777777777777777,0.9822695035460993,0.9691629955947136,0.9787985865724382,0.9734513274336283
