,ANT Precision,SYN Precision,ANT Recall,SYN Recall,ANT F1,SYN F1
Noun Pairs,0.993421052631579,0.8793103448275862,0.877906976744186,0.9935064935064936,0.9320987654320988,0.9329268292682926
Verb Pairs,0.9807692307692307,0.8241758241758241,0.827027027027027,0.9803921568627451,0.8973607038123166,0.8955223880597015
Adjective Pairs,0.9656357388316151,0.9954128440366973,0.9964539007092199,0.9559471365638766,0.9808027923211169,0.9752808988764046
