,ANT Precision,SYN Precision,ANT Recall,SYN Recall,ANT F1,SYN F1
Noun Pairs,0.9867549668874173,0.8685714285714285,0.8662790697674418,0.987012987012987,0.9226006191950464,0.9240121580547112
Verb Pairs,0.9939759036144579,0.8837209302325582,0.8918918918918919,0.9934640522875817,0.9401709401709402,0.9353846153846155
Adjective Pairs,0.9822695035460993,0.9779735682819384,0.9822695035460993,0.9779735682819384,0.9822695035460993,0.9779735682819384
